Model,MSE,R2,RMSE,MAPE,MAE,Runtime
Gradient Boosting,4.111024495555505,62.39253526662228,0.040306795114018135,4.8199664856835795,0.06979208287331942,1.6675204932689667
Gradient Boosting,4.176981510535053,64.46734847709322,0.025570763008797515,4.879650675660725,0.07027462041619773,3.836237847805023
Gradient Boosting,4.1154985097942,63.656976519581725,0.016159851727233665,4.812567185074039,0.07083345061601354,3.294074535369873
