Model,MSE,R2,RMSE,MAPE,MAE,Runtime
Gradient Boosting,5.6625159276417,95.06714080356795,-0.8496484740948631,6.594918241143613,0.07684467626434827,0.3546484410762787
Random Forest,5.69166171080717,99.22558222011577,-0.9660622511273975,6.649539159712976,0.07665692879152325,0.766913890838623
ANN-BP,1.0158592740404215,2.1173621986778475,0.8248805057266229,1.281601167914644,0.047196689895476554,6.4055397510528564
PSO-SVR,1.1484362195448268,3.089041877879185,0.959306861062861,1.4819458325999122,0.019800216822011534,378.7544886469841
LSTM,1.0356196142166803,2.088044199631135,0.7656738026151306,1.3075214119050944,0.04522061601870113,1422.6429434120655
