Model,MSE,R2,RMSE,MAPE,MAE,Runtime
Gradient Boosting,5.6625159276417,95.06714080356795,-0.8496484740948631,6.594918241143613,0.07684467626434827,0.3546484410762787
Random Forest,5.69166171080717,99.22558222011577,-0.9660622511273975,6.649539159712976,0.07665692879152325,0.766913890838623
